scenario_id,grid,dt,steps,x_true,y_true,Q_true,Q_analytic,Q_numerical,sensor_mse,numerical_success,numerical_nfev,numerical_seconds,analytic_numerical_difference,signed_Q_error,absolute_Q_error,relative_Q_error,signed_relative_Q_error,linearity_relative_l2,runtime_seconds,amplitude_ratio,rms_ratio,relative_observation_l2,signed_observation_bias,normalized_signed_bias
diagnostic_v2_001,101,0.001,800,0.7061309402080453,0.527665059109984,0.9634898539689725,0.9185103498138172,0.9185103498140942,8.505156514496255e-08,True,5,0.0008689159876666963,2.7700064464397656e-13,-0.04497950415515528,0.04497950415515528,0.046683941683317166,-0.046683941683317166,1.0363514702959914e-15,0.14495558303315192,1.0486304779807616,1.0488002537303294,0.052163361311177,0.00027127812208889196,0.01673641643516315
diagnostic_v2_001,201,0.00025,3200,0.7061309402080453,0.527665059109984,0.9634898539689725,0.9445911698666825,0.9445911698667062,1.533709892881213e-08,True,5,0.0006847080076113343,2.375877272697835e-14,-0.01889868410229001,0.01889868410229001,0.01961482419813692,-0.01961482419813692,2.8088047996914364e-15,1.1718874159851111,1.019947718615044,1.0199774904467376,0.021415970394470584,0.00011008648298095998,0.00679175013769859
diagnostic_v2_001,321,0.000125,6400,0.7061309402080453,0.527665059109984,0.9634898539689725,0.9546708505610039,0.9546708505610121,3.2930049074340273e-09,True,5,0.0012444999883882701,8.215650382226158e-15,-0.008819003407968595,0.008819003407968595,0.009153187624799415,-0.009153187624799415,2.8773618550950293e-15,5.397226875007618,1.0092250926840138,1.0092314175293626,0.009892864110032764,5.0713752937300846e-05,0.0031287686659469092
diagnostic_v2_002,101,0.001,800,0.578396999491515,0.6929935065757433,0.9008728224190348,0.9171361824845492,0.9171361824845492,3.9800947220600645e-07,True,6,0.007409375044517219,0.0,0.01626336006551443,0.01626336006551443,0.018052892329290006,0.018052892329290006,6.713052873529086e-16,0.13197166699683294,0.9820088011040394,0.9821380097323684,0.02403056289351789,5.189345687547165e-06,0.0001334215895009406
diagnostic_v2_002,201,0.00025,3200,0.578396999491515,0.6929935065757433,0.9008728224190348,0.9073420501582345,0.907342050158946,6.584561048020126e-08,True,6,0.0007667089812457561,7.114309141798003e-13,0.006469227739199779,0.006469227739199779,0.007181066603639489,0.007181066603639489,2.3369617423007717e-15,1.1064295420073904,0.9928269172713476,0.9928485251220289,0.009713871231016217,3.363186138187865e-06,8.646979163892453e-05
diagnostic_v2_002,321,0.000125,6400,0.578396999491515,0.6929935065757433,0.9008728224190348,0.9038262898036742,0.9038262898036742,1.356624752686977e-08,True,6,0.001390625024214387,0.0,0.002953467384639419,0.002953467384639419,0.0032784509768079492,0.0032784509768079492,4.241066952461966e-15,5.325626500009093,0.9967233236287204,0.9967277928751254,0.004432361929933209,1.064634302742803e-06,2.7372468411583218e-05
diagnostic_v2_003,101,0.001,800,0.27866575074094624,0.4577370526799819,1.1731301917951675,1.1879980869526796,1.1879980869526796,2.9339957684931706e-06,True,2,0.0010828330414369702,0.0,0.014867895157512079,0.014867895157512079,0.01267369577690322,0.01267369577690322,1.7436976467843144e-15,0.16642237501218915,0.986992082159386,0.9872384686179875,0.025605265091716473,0.00019955774625083982,0.002602700113475949
diagnostic_v2_003,201,0.00025,3200,0.27866575074094624,0.4577370526799819,1.1731301917951675,1.1794600956933308,1.179460095693331,5.158193384404789e-07,True,2,0.00194695801474154,2.220446049250313e-16,0.006329903898163236,0.006329903898163236,0.005395738633643877,0.005395738633643877,1.9593079117644774e-15,1.5189404170378111,0.9945459477699777,0.9945895824844369,0.010795464168390096,8.268678018199526e-05,0.001078429157503748
diagnostic_v2_003,321,0.000125,6400,0.27866575074094624,0.4577370526799819,1.1731301917951675,1.1759568510721807,1.175956851072181,1.0682116557905376e-07,True,2,0.001423541980329901,2.220446049250313e-16,0.0028266592770131993,0.0028266592770131993,0.0024095017729342896,0.0024095017729342896,3.8784381853089805e-15,6.5649407079909,0.9975781630839997,0.9975872264861482,0.00489369802150586,3.899482544530928e-05,0.0005085837985156848
diagnostic_v2_004,101,0.001,800,0.3058838209619838,0.605650766749654,1.2408151113982613,1.2755912037274626,1.2755912037274626,2.483939536990011e-06,True,2,0.0011609579669311643,0.0,0.034776092329201314,0.034776092329201314,0.0280268123830411,0.0280268123830411,1.0312038447800101e-15,0.19035208295099437,0.9723400036894748,0.9725386190088442,0.03393166787353557,-0.00028764044084732856,-0.0036882912008673347
diagnostic_v2_004,201,0.00025,3200,0.3058838209619838,0.605650766749654,1.2408151113982613,1.2553054793459426,1.2553054793459426,4.4029748460836794e-07,True,2,0.0010772079695016146,0.0,0.014490367947681326,0.014490367947681326,0.01167810402579018,0.01167810402579018,2.3004444610249993e-15,1.5087002500076778,0.9883851424648137,0.9884209205020242,0.014339845063364703,-0.00011933417147177065,-0.0015301713949038857
diagnostic_v2_004,321,0.000125,6400,0.3058838209619838,0.605650766749654,1.2408151113982613,1.2472689984795893,1.2472689984795893,9.22887436310678e-08,True,2,0.0012439580168575048,0.0,0.006453887081327991,0.006453887081327991,0.005201328563814132,0.005201328563814132,2.6659653179686168e-15,6.639836708025541,0.9948104898128343,0.9948180375114516,0.006476737795156664,-5.1814935930499086e-05,-0.0006644009156118612
diagnostic_v2_005,101,0.001,800,0.5331837804586381,0.44411681311372253,1.3713293472696846,1.4062117788713406,1.4062117788713406,2.489742083861836e-06,True,2,0.0009348749881610274,0.0,0.03488243160165605,0.03488243160165605,0.025436946763450326,0.025436946763450326,1.0257979635513506e-15,0.14437154098413885,0.9749130576454803,0.9750535392476294,0.030054768479687827,-0.0004503316519455882,-0.004844513175705231
diagnostic_v2_005,201,0.00025,3200,0.5331837804586381,0.44411681311372253,1.3713293472696846,1.385815931585576,1.385815931585576,4.3749269516748744e-07,True,2,0.0004910840070806444,0.0,0.014486584315891449,0.014486584315891449,0.010563898705102624,0.010563898705102624,4.064714768491407e-15,1.6401309589855373,0.9894964301508276,0.9895214801012587,0.012645128711503377,-0.00018819197226034937,-0.002024504573991998
diagnostic_v2_005,321,0.000125,6400,0.5331837804586381,0.44411681311372253,1.3713293472696846,1.377883752653072,1.377883752653072,8.87783437077022e-08,True,2,0.0006585000082850456,0.0,0.006554405383387474,0.006554405383387474,0.004779599733964192,0.004779599733964192,2.7683480979575094e-15,6.455768709012773,0.99523291097689,0.9952380235608778,0.00573599054932565,-8.595794930318026e-05,-0.0009247060830762433
diagnostic_v2_006,101,0.001,800,0.4649788924345678,0.25204180298655204,0.9896690170728504,0.9112848243417004,0.9112848243422136,5.301716757036333e-08,True,5,0.0012313329498283565,5.131450819817474e-13,-0.07838419273114994,0.07838419273114994,0.07920243170084006,-0.07920243170084006,6.066237029585176e-16,0.16024191700853407,1.0837626877763296,1.0848882750483346,0.09724810427299706,0.0002292183257522906,0.04533571567535387
diagnostic_v2_006,201,0.00025,3200,0.4649788924345678,0.25204180298655204,0.9896690170728504,0.9557546225436856,0.9557546225436928,9.351659879401362e-09,True,5,0.0007109169964678586,7.216449660063518e-15,-0.03391439452916478,0.03391439452916478,0.03426842100147136,-0.03426842100147136,1.6389611118706477e-15,1.6554997909697704,1.035105611910154,1.03529499658235,0.04030516254947236,9.379892660830179e-05,0.018551926218861058
diagnostic_v2_006,321,0.000125,6400,0.4649788924345678,0.25204180298655204,0.9896690170728504,0.9742135731626205,0.9742135731626215,1.9733896014116927e-09,True,5,0.001730583026073873,9.992007221626409e-16,-0.015455443910229905,0.015455443910229905,0.01561678060402715,-0.01561678060402715,3.730381753321338e-15,6.534624417021405,1.0157861128078607,1.0158253224190636,0.018134498947413237,4.2150998358341006e-05,0.008336792753085359
diagnostic_v2_007,101,0.001,800,0.5400299139051506,0.621292821755324,0.814105194585913,0.8369581560023226,0.8369581560980017,9.896696568866667e-07,True,10,0.0016452090349048376,9.567913128449845e-11,0.02285296141640958,0.02285296141640958,0.028071263478466713,0.028071263478466713,6.59782673027564e-16,0.1615635000052862,0.9723425662264743,0.9725188752782181,0.033284085077729925,-0.00022539873611717858,-0.004314097416872745
diagnostic_v2_007,201,0.00025,3200,0.5400299139051506,0.621292821755324,0.814105194585913,0.823486201533484,0.8234862015334838,1.6967157907335996e-07,True,6,0.0007533750031143427,-1.1102230246251565e-16,0.009381006947570936,0.009381006947570936,0.011523089411488765,0.011523089411488765,3.773701790937467e-15,1.8684143330319785,0.9885467312015613,0.9885774549003755,0.01385358921656771,-9.273832691300515e-05,-0.0017749974266603873
diagnostic_v2_007,321,0.000125,6400,0.5400299139051506,0.621292821755324,0.814105194585913,0.8184019472303699,0.8184019472303699,3.549601431788262e-08,True,6,0.0011148749617859721,0.0,0.004296752644456836,0.004296752644456836,0.005277883832497027,0.005277883832497027,4.91153502299006e-15,6.877408499945886,0.9947368908577998,0.9947433583959274,0.006369250914268157,-4.298919057436345e-05,-0.0008228065480983718
diagnostic_v2_008,101,0.001,800,0.259487609100411,0.2766427005502588,0.926443887930336,0.9342878032702723,0.934287803270338,1.1216701279780064e-06,True,5,0.001373334031086415,6.572520305780927e-14,0.007843915339936225,0.007843915339936225,0.00846669230821894,0.00846669230821894,7.17963672135541e-16,0.15075154096120968,0.9913674201398956,0.9914858983563841,0.0175910875097279,-2.285748766998474e-06,-3.336367819610222e-05
diagnostic_v2_008,201,0.00025,3200,0.259487609100411,0.2766427005502588,0.926443887930336,0.9297322717329,0.9297322717330009,2.0182557506658144e-07,True,6,0.0007536249468103051,1.0091927293842673e-13,0.00328838380256391,0.00328838380256391,0.003549468937519916,0.003549468937519916,3.6926725557868916e-15,2.258466249972116,0.9964202374568522,0.9964416611139068,0.007450442251138169,-2.6925602541592798e-06,-3.930165691890555e-05
diagnostic_v2_008,321,0.000125,6400,0.259487609100411,0.2766427005502588,0.926443887930336,0.9278870736312671,0.9278870736312669,4.1541647025560264e-08,True,6,0.0017642920138314366,-2.220446049250313e-16,0.001443185700931049,0.001443185700931049,0.0015577691425598453,0.0015577691425598453,2.2796896098578826e-15,6.693640791985672,0.9984358168558365,0.9984402352820765,0.003357040133158834,8.70671231506757e-08,1.2708656000169618e-06
diagnostic_v2_009,101,0.001,800,0.6431663433219396,0.656518575413083,0.8898098806974829,0.88353822127693,0.8835382212813973,2.8101031030892823e-07,True,8,0.001424332964234054,4.467204384184242e-12,-0.006271659420552855,0.006271659420552855,0.007048313978753278,-0.007048313978753278,1.069823837992457e-15,0.21314437501132488,1.0068032091623356,1.0069507664408952,0.018531802697927896,0.00016181500710832174,0.005225561416381085
diagnostic_v2_009,201,0.00025,3200,0.6431663433219396,0.656518575413083,0.8898098806974829,0.887057512692695,0.8870575126961452,4.828322359838753e-08,True,7,0.0008960830164141953,3.450240093627599e-12,-0.002752368004787953,0.002752368004787953,0.003093209082630654,-0.003093209082630654,4.494942178072856e-15,1.470597915991675,1.0030522975668488,1.0030775518217718,0.007744664941877977,6.751705672421071e-05,0.0021803572664275102
diagnostic_v2_009,321,0.000125,6400,0.6431663433219396,0.656518575413083,0.8898098806974829,0.8884895349633308,0.888489534963331,1.0044790472252748e-08,True,6,0.002180458977818489,2.220446049250313e-16,-0.001320345734152073,0.001320345734152073,0.0014838515089505547,-0.0014838515089505547,1.3976038328191536e-15,7.480108624964487,1.0014755656633874,1.0014808111160927,0.003561419235780008,3.104599883490077e-05,0.0010025817539659233
diagnostic_v2_010,101,0.001,800,0.3522193121082315,0.7171704200266901,0.8673498880012173,0.8820091976220484,0.8820091976270398,3.1793085263589057e-07,True,8,0.0015060839941725135,4.991340674109779e-12,0.014659309620831174,0.014659309620831174,0.016901264211393544,0.016901264211393544,8.049647884903867e-16,0.20526812499156222,0.9831567038385943,0.9832681660357442,0.02242495623422335,-9.367116909401684e-05,-0.0025013248824091233
diagnostic_v2_010,201,0.00025,3200,0.3522193121082315,0.7171704200266901,0.8673498880012173,0.873241309555576,0.873241309555576,5.72499188392532e-08,True,6,0.0008455420029349625,0.0,0.005891421554358733,0.005891421554358733,0.006792439401745176,0.006792439401745176,1.884409576450482e-15,1.8389104579691775,0.9932128391384355,0.9932331126429089,0.009291812172569221,-3.658200286142112e-05,-0.0009768584601927328
diagnostic_v2_010,321,0.000125,6400,0.3522193121082315,0.7171704200266901,0.8673498880012173,0.8699439673397219,0.8699439673506492,1.2184894338892316e-08,True,8,0.001860833028331399,1.092725909757064e-11,0.00259407933850464,0.00259407933850464,0.002990810714788493,0.002990810714788493,1.9043521428099414e-15,7.395798958023079,0.997009444863772,0.9970137762030116,0.004192876225816274,-1.5828519535630078e-05,-0.0004226729542195853
diagnostic_v2_011,101,0.001,800,0.6061592404968423,0.32936855857203223,1.3023931314400659,1.2908827321931005,1.2908827321931007,1.8755683363177625e-07,True,2,0.0009394170483574271,2.220446049250313e-16,-0.011510399246965397,0.011510399246965397,0.008837883868627487,-0.008837883868627487,1.244177947056002e-15,0.2042811670107767,1.0086333470081559,1.0087750078192275,0.01898215963400117,0.00013920277092645283,0.0053865276007988025
diagnostic_v2_011,201,0.00025,3200,0.6061592404968423,0.32936855857203223,1.3023931314400659,1.297432214537211,1.2974322145372108,3.208097907855841e-08,True,2,0.00042616698192432523,-2.220446049250313e-16,-0.004960916902854828,0.004960916902854828,0.00380907790673735,-0.00380907790673735,2.451226047510125e-15,1.3416591670247726,1.0037754224757822,1.0037995321777216,0.007915544747429545,5.945659526276822e-05,0.0023007055772017266
diagnostic_v2_011,321,0.000125,6400,0.6061592404968423,0.32936855857203223,1.3023931314400659,1.3002669533301976,1.3002669533301976,6.724243514304215e-09,True,2,0.0012856670073233545,0.0,-0.0021261781098682597,0.0021261781098682597,0.0016325163720092171,-0.0016325163720092171,3.382549485815271e-15,6.716084875050001,1.001625100860075,1.0016301433371755,0.0035696388473121657,2.6522369397382608e-05,0.0010262976365108725
diagnostic_v2_012,101,0.001,800,0.38307944336130173,0.6724755531387194,0.8291411531632115,0.843730188121151,0.8437301881688097,7.31263282705612e-07,True,7,0.0014375830069184303,4.765876582268902e-11,0.014589034957939506,0.014589034957939506,0.017595357439781717,0.017595357439781717,1.1851601391896252e-15,0.158697749953717,0.9823429341057358,0.9825258929617864,0.025908726886597684,-0.000177560239083245,-0.004006898416569471
diagnostic_v2_012,201,0.00025,3200,0.38307944336130173,0.6724755531387194,0.8291411531632115,0.8351607142387152,0.83516071434518,1.316794249501313e-07,True,10,0.0010571249877102673,1.0646483694642939e-10,0.006019561075503721,0.006019561075503721,0.00725999554181917,0.00725999554181917,2.427804951668665e-15,1.7945804999908432,0.992725758569305,0.9927590447741267,0.010908888221365933,-7.239017267710473e-05,-0.0016335868309970767
diagnostic_v2_012,321,0.000125,6400,0.38307944336130173,0.6724755531387194,0.8291411531632115,0.8317897197285108,0.8317897197285107,2.8551868596354173e-08,True,6,0.0009537909645587206,-1.1102230246251565e-16,0.002648566565299326,0.002648566565299326,0.003194349424334956,0.003194349424334956,1.7504076028807782e-15,6.996332874987274,0.9968013284060417,0.9968085751531669,0.004967764769310654,-3.16011774296849e-05,-0.0007131253509146899
diagnostic_v2_013,101,0.001,800,0.4800754992012443,0.7496954105245565,1.0475511281713883,1.080673606118183,1.0806736061181927,9.244470493194927e-07,True,4,0.0011956249945797026,9.769962616701378e-15,0.03312247794679468,0.03312247794679468,0.03161896069417966,0.03161896069417966,5.372128021500906e-16,0.18929008400300518,0.9683935529084085,0.9688717361597492,0.043878643009892894,2.4681956859011418e-05,0.0008064250513572614
diagnostic_v2_013,201,0.00025,3200,0.4800754992012443,0.7496954105245565,1.0475511281713883,1.0612790124309353,1.0612790124309353,1.5314248567752595e-07,True,5,0.0006832920480519533,0.0,0.013727884259546963,0.013727884259546963,0.013104739129545346,0.013104739129545346,1.2108206814382493e-15,1.494631833047606,0.98690340832318,0.9869840876825788,0.018187157343922677,9.950765099495177e-06,0.0003251179111219729
diagnostic_v2_013,321,0.000125,6400,0.4800754992012443,0.7496954105245565,1.0475511281713883,1.053895940003462,1.053895940003462,3.11805437601884e-08,True,5,0.0008161659934557974,0.0,0.0063448118320736935,0.0063448118320736935,0.00605680397017875,0.00605680397017875,1.1229545738478832e-15,6.456487749994267,0.993946575133574,0.9939631174534992,0.008338380582026976,3.619568230372792e-06,0.00011826090259953568
diagnostic_v2_014,101,0.001,800,0.7480878889466491,0.5490781975465513,1.1543704869971505,1.0627490526544074,1.0627490526562458,4.054385575482308e-08,True,4,0.0011261250474490225,1.838307284174334e-12,-0.09162143434274306,0.09162143434274306,0.07936917599225596,-0.07936917599225596,5.512009911899934e-16,0.16446624998934567,1.0855704469225755,1.0858910411018583,0.08954585026748232,0.0002338746110083704,0.028222025907828376
diagnostic_v2_014,201,0.00025,3200,0.7480878889466491,0.5490781975465513,1.1543704869971505,1.1160217806955695,1.1160217806955697,7.769126020538136e-09,True,2,0.00039608299266546965,2.220446049250313e-16,-0.03834870630158105,0.03834870630158105,0.03322044935620024,-0.03322044935620024,1.4372529407596006e-15,1.478431958006695,1.0342449508134341,1.0343034584623831,0.03596863300680045,9.321463695121111e-05,0.011248360340112947
diagnostic_v2_014,321,0.000125,6400,0.7480878889466491,0.5490781975465513,1.1543704869971505,1.1364323625015786,1.1364323625015786,1.640162477293905e-09,True,2,0.0004544999683275819,0.0,-0.01793812449557186,0.01793812449557186,0.01553931315606836,-0.01553931315606836,2.67195725648463e-15,6.53655404195888,1.0157603344774904,1.0157724646261002,0.016523647829733795,4.2777249838190054e-05,0.005161999620197504
diagnostic_v2_015,101,0.001,800,0.6837956545449917,0.39096024884894476,0.8588863041233158,0.8426398725083006,0.8426398725719787,1.2505309802860678e-07,True,8,0.0014597499975934625,6.367806282270294e-11,-0.016246431615015156,0.016246431615015156,0.01891569528704762,-0.01891569528704762,2.09152630550072e-15,0.22985404200153425,1.0189002557181366,1.0190903088387127,0.027286372655775427,0.0001321888080019574,0.007218939033615289
diagnostic_v2_015,201,0.00025,3200,0.6837956545449917,0.39096024884894476,0.8588863041233158,0.8521369624359463,0.8521369624729952,2.0708447710093183e-08,True,9,0.0009691249579191208,3.704891948785871e-11,-0.0067493416873695145,0.0067493416873695145,0.007858248123142116,-0.007858248123142116,1.8380190575770678e-15,1.496971416985616,1.0078582404630119,1.0078893643975646,0.01115750598041322,5.4468240687764133e-05,0.0029745552194360555
diagnostic_v2_015,321,0.000125,6400,0.6837956545449917,0.39096024884894476,0.8588863041233158,0.8557365189630624,0.8557365189929707,4.3082973281005125e-09,True,9,0.0018529169610701501,2.990829806037709e-11,-0.0031497851602534377,0.0031497851602534377,0.003667290006991662,-0.003667290006991662,1.902451366869174e-15,6.894813875027467,1.003667892418187,1.003674340451367,0.005137785915435256,2.5115413313623306e-05,0.001371573284119573
diagnostic_v2_016,101,0.001,800,0.4973515253630011,0.3796041222388887,1.2902181848777747,1.3071690216760905,1.3071690216760907,6.132479831559575e-07,True,2,0.00102862500352785,2.220446049250313e-16,0.01695083679831577,0.01695083679831577,0.013137961468060972,0.013137961468060972,1.61852254727809e-15,0.2363595410133712,0.9867906734015355,0.9869115324388413,0.020323042530860088,2.880194309589902e-05,0.0005755802432102586
diagnostic_v2_016,201,0.00025,3200,0.4973515253630011,0.3796041222388887,1.2902181848777747,1.2974345587164886,1.2974345587164884,1.0614785487539282e-07,True,2,0.00044345902279019356,-2.220446049250313e-16,0.007216373838713874,0.007216373838713874,0.005593142247795475,0.005593142247795475,1.4748328780724178e-15,1.6490782920154743,0.994395811216872,0.9944168888820474,0.008563087066374582,9.805094765031009e-06,0.00019594576694930525
diagnostic_v2_016,321,0.000125,6400,0.4973515253630011,0.3796041222388887,1.2902181848777747,1.293557000825708,1.293557000825708,2.1788546589703674e-08,True,2,0.0013891670387238264,0.0,0.0033388159479332824,0.0033388159479332824,0.0025877917293884493,0.0025877917293884493,1.245282664653598e-15,6.716112249996513,0.9974102085650305,0.9974145480989742,0.0039196465937518035,3.3385787686065126e-06,6.671841456018823e-05
diagnostic_v2_017,101,0.001,800,0.5926989232925612,0.3070450488893119,1.0784592537316953,1.0637943914612806,1.0637943914627457,1.1597530549018743e-07,True,4,0.0011918339878320694,1.4650503032953566e-12,-0.014664862270414636,0.014664862270414636,0.013597975277852302,-0.013597975277852302,8.216516209964598e-16,0.221203708963003,1.0133497673877023,1.0135675748879602,0.024893655594476746,0.00011847052289897666,0.0072115607908559975
diagnostic_v2_017,201,0.00025,3200,0.5926989232925612,0.3070450488893119,1.0784592537316953,1.071926495082763,1.0719264950829557,2.020074644709045e-08,True,4,0.0006118750316090882,1.9273471707492718e-13,-0.006532758648932324,0.006532758648932324,0.006057492321872717,-0.006057492321872717,1.7994057326951446e-15,1.4795694159693085,1.0060191006442005,1.006056754196725,0.010582597811904272,5.1165612809887256e-05,0.0031145631685490734
diagnostic_v2_017,321,0.000125,6400,0.5926989232925612,0.3070450488893119,1.0784592537316953,1.0755969191369004,1.0755969191369632,4.22025937251266e-09,True,4,0.0010886249947361648,6.283862319378386e-14,-0.002862334594794902,0.002862334594794902,0.0026540961885121056,-0.0026540961885121056,2.6747297857275936e-15,7.186995833995752,1.0026454796951143,1.0026533193973561,0.004766498537521703,2.2834745553131644e-05,0.0013900010877858626
diagnostic_v2_018,101,0.001,800,0.33485459963922043,0.5873715118144869,1.127063150712603,1.1543719753893529,1.1543719753893527,2.680991384138729e-06,True,2,0.0009207089897245169,-2.220446049250313e-16,0.027308824676749888,0.027308824676749888,0.02423007500465565,0.02423007500465565,1.5494802239939176e-15,0.17066283302847296,0.9758204645363708,0.9760817636162914,0.03308595157386595,-0.0002694563912516895,-0.0038076108115614234
diagnostic_v2_018,201,0.00025,3200,0.33485459963922043,0.5873715118144869,1.127063150712603,1.1385039049401666,1.1385039049401666,4.7046271863343184e-07,True,2,0.00039541703881695867,0.0,0.011440754227563632,0.011440754227563632,0.010150943379108827,0.010150943379108827,2.242774613688723e-15,1.5468573750113137,0.9898580662146442,0.9899045634218976,0.013961097886961612,-0.00011174106209677146,-0.0015789808293602894
diagnostic_v2_018,321,0.000125,6400,0.33485459963922043,0.5873715118144869,1.127063150712603,1.1321833845407314,1.1321833845407312,9.980201772376405e-08,True,2,0.00043570902198553085,-2.220446049250313e-16,0.005120233828128429,0.005120233828128429,0.004542987520167865,0.004542987520167865,2.429875342549105e-15,6.737087540968787,0.9954577198307304,0.9954676388049244,0.00635454533311415,-4.8806384964036255e-05,-0.0006896689968979465
diagnostic_v2_019,101,0.001,800,0.3172110656558634,0.3509871992640705,1.0939459619894134,1.0893716733981156,1.0893716733981158,1.8401020550862482e-06,True,4,0.001165207999292761,2.220446049250313e-16,-0.004574288591297826,0.004574288591297826,0.004181457540168783,-0.004181457540168783,1.3370850362220957e-15,0.18735029199160635,1.0036945875815169,1.0039467698825413,0.022802227841924087,0.0004906370178462566,0.008106418829095638
diagnostic_v2_019,201,0.00025,3200,0.3172110656558634,0.3509871992640705,1.0939459619894134,1.0922469310822969,1.0922469310822969,3.204263299706455e-07,True,4,0.0006069999653846025,0.0,-0.0016990309071165388,0.0016990309071165388,0.001553121421122793,-0.001553121421122793,1.2159779035034059e-15,1.7964742920012213,1.0014679299810587,1.0015117327123542,0.00948107580312615,0.00019987117232852546,0.0033023179577230497
diagnostic_v2_019,321,0.000125,6400,0.3172110656558634,0.3509871992640705,1.0939459619894134,1.0930810579055596,1.0930810579055596,6.640322413128678e-08,True,4,0.0015839580446481705,0.0,-0.0008649040838537569,0.0008649040838537569,0.000790627795070308,-0.000790627795070308,2.6594181081831647e-15,6.801969999971334,1.0007731120103383,1.0007821826550554,0.004330484862037054,9.306174851484178e-05,0.0015375878357912047
diagnostic_v2_020,101,0.001,800,0.29750602956684075,0.3339600977455503,1.182169475786599,1.1849288359361505,1.1849288359361503,2.867149810711165e-06,True,2,0.0009840830462053418,-2.220446049250313e-16,0.002759360149551471,0.002759360149551471,0.002334149380498453,0.002334149380498453,2.428903461380911e-15,0.2589397080009803,0.9971721444053866,0.9974216840720794,0.022488375806396725,0.00037961662474901353,0.005014622624941374
diagnostic_v2_020,201,0.00025,3200,0.29750602956684075,0.3339600977455503,1.182169475786599,1.1835674392815057,1.1835674392815057,5.047942646571003e-07,True,2,0.00046087498776614666,0.0,0.0013979634949066178,0.0013979634949066178,0.0011825406792680317,0.0011825406792680317,2.156836023746493e-15,1.571247250016313,0.9987308754127848,0.9987748647733683,0.009459369825232768,0.0001535277282002018,0.0020280555939761495
diagnostic_v2_020,321,0.000125,6400,0.29750602956684075,0.3339600977455503,1.182169475786599,1.1827063729625569,1.1827063729625569,1.0418998945731553e-07,True,2,0.0004165410064160824,0.0,0.00053689717595784,0.00053689717595784,0.0004541626111608035,0.0004541626111608035,2.2753409764652818e-15,6.910153417033143,0.9995278710511106,0.9995369572636963,0.004287987143961571,7.253370138523527e-05,0.0009581486065780827
diagnostic_v2_021,101,0.001,800,0.4492903973887764,0.4303867917566745,1.3801514792544736,1.4153833507524904,1.4153833507524904,1.8929661739424617e-06,True,2,0.0003797500394284725,0.0,0.035231871498016876,0.035231871498016876,0.025527539569097396,0.025527539569097396,8.1075320320017275e-16,0.27375133300665766,0.9747917930416617,0.9749498310276632,0.030717860237088227,-0.00015656367955742704,-0.002048833183036053
diagnostic_v2_021,201,0.00025,3200,0.4492903973887764,0.4303867917566745,1.3801514792544736,1.394842979504459,1.394842979504459,3.252987988430308e-07,True,2,0.0004302500165067613,0.0,0.014691500249985445,0.014691500249985445,0.010644846214939725,0.010644846214939725,2.2445273482691803e-15,1.5415780419716612,0.9894121523019193,0.9894397122889854,0.012908898119981877,-6.839647575608375e-05,-0.000895054137255282
diagnostic_v2_021,321,0.000125,6400,0.4492903973887764,0.4303867917566745,1.3801514792544736,1.386867568371698,1.386867568371698,6.608092872564739e-08,True,2,0.001313124957960099,0.0,0.006716089117224433,0.006716089117224433,0.00486619709370765,0.00486619709370765,2.4209008963964796e-15,6.658408625051379,0.995146106534424,0.9951517373050488,0.005896371122022441,-3.267550203907269e-05,-0.00042760014991509264
diagnostic_v2_022,101,0.001,800,0.6318688691664538,0.48387041955828985,1.3208190467939303,1.3214275270620157,1.3214275270620162,1.201917057121086e-06,True,2,0.0008860829984769225,4.440892098500626e-16,0.0006084802680854651,0.0006084802680854651,0.00046068405022054327,0.00046068405022054327,1.5527230696427164e-15,0.14526262501021847,0.9992250490981691,0.9993822762202377,0.017743613690711247,0.0001602539014705725,0.0025927890808352524
diagnostic_v2_022,201,0.00025,3200,0.6318688691664538,0.48387041955828985,1.3208190467939303,1.3209849353658158,1.320984935365816,2.0270006662718267e-07,True,2,0.003221791994292289,2.220446049250313e-16,0.00016588857188559736,0.00016588857188559736,0.00012559522993574662,0.00012559522993574662,3.910912878974079e-15,1.5471048330073245,0.9998213667411573,0.9998478932898079,0.007285343763504597,6.725893409159956e-05,0.0010881995901568752
diagnostic_v2_022,321,0.000125,6400,0.6318688691664538,0.48387041955828985,1.3208190467939303,1.3207584187814927,1.320758418781493,4.153246816430251e-08,True,2,0.0012855000095441937,2.220446049250313e-16,-6.0628012437558e-05,6.0628012437558e-05,4.5901830825897365e-05,-4.5901830825897365e-05,3.3316126860308992e-15,6.861988833989017,1.00003503155268,1.0000404677305135,0.0032975738511515965,3.2045958330698125e-05,0.0005184798003809796
diagnostic_v2_023,101,0.001,800,0.5619918346449149,0.48136219577035816,1.0136111419128224,1.0351213117639129,1.0351213117639129,1.7292298555155092e-06,True,5,0.0011602499871514738,0.0,0.021510169851090444,0.021510169851090444,0.02122132340662497,0.02122132340662497,1.1092480976757744e-15,0.18576716701500118,0.978878877479545,0.9790492553365742,0.02792291918855146,-0.0003017940517820295,-0.004281389315133942
diagnostic_v2_023,201,0.00025,3200,0.5619918346449149,0.48136219577035816,1.0136111419128224,1.0224957171435358,1.0224957171435358,3.009652543051854e-07,True,5,0.0007224999717436731,0.0,0.008884575230713398,0.008884575230713398,0.008765269898224475,0.008765269898224475,2.438118043774745e-15,1.382884374994319,0.9912508478228934,0.9912808696940195,0.011664774989031,-0.00012421176335134952,-0.0017621252416548786
diagnostic_v2_023,321,0.000125,6400,0.5619918346449149,0.48136219577035816,1.0136111419128224,1.0176089182517918,1.0176089182517918,6.120850894642306e-08,True,5,0.0009572499548085034,0.0,0.003997776338969361,0.003997776338969361,0.003944092733062318,0.003944092733062318,2.519470552078649e-15,6.950205874978565,0.9960591318578369,0.996065266920861,0.0052680404756018095,-5.623648917895452e-05,-0.0007977967175619406
diagnostic_v2_024,101,0.001,800,0.6751204418270031,0.29272743381698707,1.0204962067076861,1.05329119076283,1.0532911907711793,3.959059144709392e-07,True,6,0.001249832974281162,8.349321234391027e-12,0.032794984055143805,0.032794984055143805,0.0321363115703748,0.0321363115703748,1.710529773909571e-15,0.15165016695391387,0.967870850587399,0.9683674357846036,0.0446518702099953,-1.9381216632736485e-05,-0.0009863275202620268
diagnostic_v2_024,201,0.00025,3200,0.6751204418270031,0.29272743381698707,1.0204962067076861,1.0335840236299156,1.033584023766829,6.706967310834312e-08,True,6,0.0007637080270797014,1.3691336953058908e-10,0.01308781692222949,0.01308781692222949,0.01282495401374716,0.01282495401374716,9.293251144919514e-16,1.47361191699747,0.9871659395807317,0.9872516874168767,0.01827608125411788,-6.0189236525886234e-06,-0.00030630843013625553
diagnostic_v2_024,321,0.000125,6400,0.6751204418270031,0.29272743381698707,1.0204962067076861,1.0264000845482173,1.0264000845482175,1.3527751399192173e-08,True,5,0.0012208749540150166,2.220446049250313e-16,0.0059038778405311465,0.0059038778405311465,0.00578530111305183,0.00578530111305183,1.8277429650935876e-15,6.867802875000052,0.994213142300999,0.9942305590366205,0.008253479282885303,-2.8144737726214486e-06,-0.00014323109790245788
diagnostic_v2_025,101,0.001,800,0.730871251709288,0.6431720570147215,1.2156970655122041,1.1394240819758155,1.1394240819758155,8.188372990066423e-08,True,2,0.0009040829609148204,0.0,-0.07627298353638867,0.07627298353638867,0.06274012309493641,-0.06274012309493641,5.618355660374079e-16,0.16546616604318842,1.0663209016978772,1.0666303776310528,0.07112354806678164,0.00024952045362029094,0.02100377236435566
diagnostic_v2_025,201,0.00025,3200,0.730871251709288,0.6431720570147215,1.2156970655122041,1.184100312931831,1.184100312931831,1.4709727097170701e-08,True,2,0.0004065409884788096,0.0,-0.03159675258037309,0.03159675258037309,0.02599064641737913,-0.02599064641737913,2.3793168424295026e-15,1.804464166983962,1.026577175792757,1.0266306793279114,0.028569216856173793,0.00010000787024413501,0.008418318060804512
diagnostic_v2_025,321,0.000125,6400,0.730871251709288,0.6431720570147215,1.2156970655122041,1.2007982419104573,1.200798241910457,3.0667765941042567e-09,True,2,0.0013938749907538295,-2.220446049250313e-16,-0.01489882360174688,0.01489882360174688,0.012255375146002861,-0.012255375146002861,2.937538142289542e-15,6.986631457984913,1.012385433038223,1.0123964329046902,0.013254104333945244,4.619313211029576e-05,0.0038883787583911373
diagnostic_v2_026,101,0.001,800,0.5059878810032021,0.7083291624747633,1.351967406626328,1.4012560205997753,1.4012560205997753,2.0528699381946535e-06,True,2,0.0009578330209478736,0.0,0.04928861397344719,0.04928861397344719,0.036456954311081355,0.036456954311081355,1.602887094776335e-15,0.14759437495376915,0.9642404844531677,0.9645329000459331,0.042927221720985474,-0.00012202307082915322,-0.002096935405853557
diagnostic_v2_026,201,0.00025,3200,0.5059878810032021,0.7083291624747633,1.351967406626328,1.3722242931815514,1.3722242931815516,3.3936923345952016e-07,True,2,0.00040595902828499675,2.220446049250313e-16,0.020256886555223286,0.020256886555223286,0.014983265466267347,0.014983265466267347,5.439307584818834e-15,1.5488443750073202,0.985139177200519,0.9851885467214212,0.017835868076090968,-5.1165896657692006e-05,-0.0008792729075305727
diagnostic_v2_026,321,0.000125,6400,0.5059878810032021,0.7083291624747633,1.351967406626328,1.361254823454768,1.3612548234547677,6.933243009682455e-08,True,2,0.0004991659661754966,-2.220446049250313e-16,0.00928741682843981,0.00928741682843981,0.006869556753306236,0.006869556753306236,2.934231945355264e-15,6.75828620896209,0.9931569768431326,0.9931671444137776,0.008186761066017538,-2.4624482808653815e-05,-0.00042316546782038365
diagnostic_v2_027,101,0.001,800,0.4037346722774984,0.5039016713313714,1.2346888168887018,1.2771729612569083,1.277172961256908,4.661541418272938e-06,True,2,0.0006712920148856938,-2.220446049250313e-16,0.04248414436820647,0.04248414436820647,0.03440878688385828,0.03440878688385828,1.0275667228376532e-15,0.18184420798206702,0.9660267705878384,0.966381217312668,0.04288491575177907,-0.0003118754874700731,-0.003911946292067938
diagnostic_v2_027,201,0.00025,3200,0.4037346722774984,0.5039016713313714,1.2346888168887018,1.2523984266659582,1.2523984266659585,7.958548822909382e-07,True,2,0.00040245900163426995,2.220446049250313e-16,0.01770960977725644,0.01770960977725644,0.014343379104933477,0.014343379104933477,5.2156644759198016e-15,1.3976899999543093,0.9857359996262335,0.9857977200043463,0.018031791738499874,-0.00013199326647342471,-0.0016556305003232966
diagnostic_v2_027,321,0.000125,6400,0.4037346722774984,0.5039016713313714,1.2346888168887018,1.2428013249987286,1.2428013249987286,1.6423873462662243e-07,True,2,0.0004308749921619892,0.0,0.00811250811002684,0.00811250811002684,0.006570488044485239,0.006570488044485239,2.060298940156155e-15,6.771496500005014,0.9934467297605761,0.9934595655291939,0.008273380222294402,-6.122799734444531e-05,-0.0007680008426610709
diagnostic_v2_028,101,0.001,800,0.39319327173556007,0.40601561661727836,1.110248288613208,1.1063657523352703,1.1063657523352701,1.563414977043282e-06,True,2,0.0008865409763529897,-2.220446049250313e-16,-0.003882536277937554,0.003882536277937554,0.003496998210001443,-0.003496998210001443,6.949756047044359e-16,0.15267045801738277,1.0026593176434169,1.0030842038576324,0.02931355901057337,0.00037446118671285636,0.00871578087602713
diagnostic_v2_028,201,0.00025,3200,0.39319327173556007,0.40601561661727836,1.110248288613208,1.1088742471698136,1.1088742471698134,2.732488684479086e-07,True,2,0.0004331250092945993,-2.220446049250313e-16,-0.0013740414433942583,0.0013740414433942583,0.0012375983439799308,-0.0012375983439799308,1.922248947938778e-15,1.7287704999907874,1.0010909158621257,1.0011650211340384,0.012229792233205557,0.00015310407673002854,0.003563577832243083
diagnostic_v2_028,321,0.000125,6400,0.39319327173556007,0.40601561661727836,1.110248288613208,1.1096676372596326,1.1096676372596324,5.682768600061143e-08,True,2,0.0013037080061621964,-2.220446049250313e-16,-0.0005806513535753233,0.0005806513535753233,0.0005229923428214467,-0.0005229923428214467,2.200726133570371e-15,7.089413708017673,1.000492463493775,1.000507864631816,0.005573168090628142,6.92717720845661e-05,0.0016123368931321139
diagnostic_v2_029,101,0.001,800,0.6644156388423383,0.5658317929827286,1.2710813156522125,1.2429970530939394,1.2429970530939398,4.857043973467393e-07,True,2,0.0009661249932833016,4.440892098500626e-16,-0.02808426255827312,0.02808426255827312,0.022094780414471462,-0.022094780414471462,1.115887925514648e-15,0.19000812503509223,1.0222629559875414,1.022428459423631,0.028879796818831314,0.0003468008190605844,0.008953205676417126
diagnostic_v2_029,201,0.00025,3200,0.6644156388423383,0.5658317929827286,1.2710813156522125,1.2593584044293764,1.2593584044293764,8.699372591109049e-08,True,2,0.00038962496910244226,0.0,-0.011722911222836085,0.011722911222836085,0.009222786204532374,-0.009222786204532374,1.6536149645581732e-15,1.5388570000068285,1.0092501171745096,1.009279377053427,0.012026079840695127,0.00014285010875759768,0.003687899031120507
diagnostic_v2_029,321,0.000125,6400,0.6644156388423383,0.5658317929827286,1.2710813156522125,1.2656435828881751,1.2656435828881751,1.8546847102593436e-08,True,2,0.0013728339690715075,0.0,-0.005437732764037362,0.005437732764037362,0.004278036894317161,-0.004278036894317161,3.870971891448401e-15,7.023435042006895,1.004284002634837,1.0042902098608801,0.005551608121727451,6.577113730431731e-05,0.0016979848013408312
diagnostic_v2_030,101,0.001,800,0.4215713975384548,0.5757920440851878,0.9430396749891525,0.9713062003560484,0.9713062003560495,2.237853048612741e-06,True,5,0.0012557499576359987,1.1102230246251565e-15,0.02826652536689589,0.02826652536689589,0.02997384533924411,0.02997384533924411,1.275404906294031e-15,0.1674718750291504,0.9703205061497943,0.9706094302146859,0.037969115371429114,-0.00040464877724734203,-0.006599556191772108
diagnostic_v2_030,201,0.00025,3200,0.4215713975384548,0.5757920440851878,0.9430396749891525,0.9548066813027194,0.9548066813027276,3.777224386307915e-07,True,5,0.0006944580236449838,8.215650382226158e-15,0.011767006313566863,0.011767006313566863,0.01247774258670741,0.01247774258670741,1.779276457765071e-15,1.63904341700254,0.9875767987506204,0.9876264144813902,0.01588512134440459,-0.00016944245894297283,-0.002763495386476008
diagnostic_v2_030,321,0.000125,6400,0.4215713975384548,0.5757920440851878,0.9430396749891525,0.9484016238045343,0.9484016238045503,7.949027451043704e-08,True,5,0.0015191659913398325,1.5987211554602254e-14,0.005361948815381767,0.005361948815381767,0.0056858146667513685,0.0056858146667513685,2.869328332450309e-15,6.83094145799987,0.9943253065958367,0.9943358187659012,0.007287474815151511,-7.702263554923198e-05,-0.0012561886750366532
